[{"model": "admin.logentry", "pk": 1, "fields": {"action_time": "2024-05-03T19:46:54.159Z", "user": 1, "content_type": 9, "object_id": "3", "object_repr": "cunt mcface", "action_flag": 3, "change_message": ""}}, {"model": "admin.logentry", "pk": 2, "fields": {"action_time": "2024-05-03T19:46:57.743Z", "user": 1, "content_type": 9, "object_id": "2", "object_repr": "asdasd asdasd", "action_flag": 3, "change_message": ""}}, {"model": "admin.logentry", "pk": 3, "fields": {"action_time": "2024-05-06T15:57:12.923Z", "user": 1, "content_type": 8, "object_id": "1", "object_repr": "casa1", "action_flag": 1, "change_message": "[{\"added\": {}}]"}}, {"model": "admin.logentry", "pk": 4, "fields": {"action_time": "2024-05-07T19:24:23.477Z", "user": 1, "content_type": 8, "object_id": "1", "object_repr": "casa1", "action_flag": 2, "change_message": "[{\"changed\": {\"fields\": [\"Imagen\"]}}]"}}, {"model": "admin.logentry", "pk": 5, "fields": {"action_time": "2024-05-07T19:54:58.303Z", "user": 1, "content_type": 8, "object_id": "1", "object_repr": "Casa en mano", "action_flag": 2, "change_message": "[{\"changed\": {\"fields\": [\"Nombre\", \"Direccion\", \"Descripcion\"]}}]"}}, {"model": "admin.logentry", "pk": 6, "fields": {"action_time": "2024-05-10T15:39:05.895Z", "user": 1, "content_type": 8, "object_id": "5", "object_repr": "Departamento Providencia", "action_flag": 2, "change_message": "[{\"changed\": {\"fields\": [\"Nombre\", \"Direccion\", \"Descripcion\", \"Imagen\", \"Precio\"]}}]"}}, {"model": "admin.logentry", "pk": 7, "fields": {"action_time": "2024-05-10T15:40:45.785Z", "user": 1, "content_type": 8, "object_id": "6", "object_repr": "Casa grande", "action_flag": 2, "change_message": "[{\"changed\": {\"fields\": [\"Nombre\", \"Direccion\", \"Descripcion\", \"Imagen\", \"Precio\", \"Comuna\", \"Cantidad habitaciones\", \"Cantidad banos\"]}}]"}}, {"model": "admin.logentry", "pk": 8, "fields": {"action_time": "2024-05-10T15:42:27.547Z", "user": 1, "content_type": 8, "object_id": "7", "object_repr": "Departamento playa", "action_flag": 2, "change_message": "[{\"changed\": {\"fields\": [\"Nombre\", \"Direccion\", \"Descripcion\", \"Imagen\", \"Precio\", \"Comuna\", \"Cantidad estacionamientos\"]}}]"}}, {"model": "admin.logentry", "pk": 9, "fields": {"action_time": "2024-05-10T15:44:09.758Z", "user": 1, "content_type": 8, "object_id": "8", "object_repr": "Casa pequeña", "action_flag": 2, "change_message": "[{\"changed\": {\"fields\": [\"Nombre\", \"Direccion\", \"Descripcion\", \"Imagen\", \"Precio\", \"M2 construidos\", \"Cantidad estacionamientos\", \"Cantidad habitaciones\", \"Cantidad banos\"]}}]"}}, {"model": "admin.logentry", "pk": 10, "fields": {"action_time": "2024-05-10T15:48:54.733Z", "user": 1, "content_type": 8, "object_id": "10", "object_repr": "Casa de vidrio", "action_flag": 2, "change_message": "[{\"changed\": {\"fields\": [\"Nombre\", \"Direccion\", \"Descripcion\", \"Imagen\", \"Precio\", \"Comuna\", \"M2 construidos\", \"M2 terreno\", \"Cantidad estacionamientos\", \"Cantidad habitaciones\", \"Cantidad banos\"]}}]"}}, {"model": "admin.logentry", "pk": 11, "fields": {"action_time": "2024-05-10T15:51:26.806Z", "user": 1, "content_type": 8, "object_id": "9", "object_repr": "Departamento universitario", "action_flag": 2, "change_message": "[{\"changed\": {\"fields\": [\"Nombre\", \"Direccion\", \"Descripcion\", \"Precio\", \"Comuna\", \"M2 construidos\", \"Cantidad estacionamientos\", \"Cantidad habitaciones\"]}}]"}}, {"model": "admin.logentry", "pk": 12, "fields": {"action_time": "2024-05-10T15:51:46.244Z", "user": 1, "content_type": 8, "object_id": "9", "object_repr": "Departamento universitario", "action_flag": 2, "change_message": "[{\"changed\": {\"fields\": [\"Imagen\"]}}]"}}, {"model": "admin.logentry", "pk": 13, "fields": {"action_time": "2024-05-13T15:48:42.598Z", "user": 1, "content_type": 4, "object_id": "5", "object_repr": "mrDor", "action_flag": 2, "change_message": "[{\"changed\": {\"fields\": [\"Username\"]}}]"}}, {"model": "admin.logentry", "pk": 14, "fields": {"action_time": "2024-05-14T15:47:23.907Z", "user": 1, "content_type": 7, "object_id": "1", "object_repr": "Solicitud de Departamento universitario por aedo aedo", "action_flag": 3, "change_message": ""}}, {"model": "auth.permission", "pk": 1, "fields": {"name": "Can add log entry", "content_type": 1, "codename": "add_logentry"}}, {"model": "auth.permission", "pk": 2, "fields": {"name": "Can change log entry", "content_type": 1, "codename": "change_logentry"}}, {"model": "auth.permission", "pk": 3, "fields": {"name": "Can delete log entry", "content_type": 1, "codename": "delete_logentry"}}, {"model": "auth.permission", "pk": 4, "fields": {"name": "Can view log entry", "content_type": 1, "codename": "view_logentry"}}, {"model": "auth.permission", "pk": 5, "fields": {"name": "Can add permission", "content_type": 2, "codename": "add_permission"}}, {"model": "auth.permission", "pk": 6, "fields": {"name": "Can change permission", "content_type": 2, "codename": "change_permission"}}, {"model": "auth.permission", "pk": 7, "fields": {"name": "Can delete permission", "content_type": 2, "codename": "delete_permission"}}, {"model": "auth.permission", "pk": 8, "fields": {"name": "Can view permission", "content_type": 2, "codename": "view_permission"}}, {"model": "auth.permission", "pk": 9, "fields": {"name": "Can add group", "content_type": 3, "codename": "add_group"}}, {"model": "auth.permission", "pk": 10, "fields": {"name": "Can change group", "content_type": 3, "codename": "change_group"}}, {"model": "auth.permission", "pk": 11, "fields": {"name": "Can delete group", "content_type": 3, "codename": "delete_group"}}, {"model": "auth.permission", "pk": 12, "fields": {"name": "Can view group", "content_type": 3, "codename": "view_group"}}, {"model": "auth.permission", "pk": 13, "fields": {"name": "Can add user", "content_type": 4, "codename": "add_user"}}, {"model": "auth.permission", "pk": 14, "fields": {"name": "Can change user", "content_type": 4, "codename": "change_user"}}, {"model": "auth.permission", "pk": 15, "fields": {"name": "Can delete user", "content_type": 4, "codename": "delete_user"}}, {"model": "auth.permission", "pk": 16, "fields": {"name": "Can view user", "content_type": 4, "codename": "view_user"}}, {"model": "auth.permission", "pk": 17, "fields": {"name": "Can add content type", "content_type": 5, "codename": "add_contenttype"}}, {"model": "auth.permission", "pk": 18, "fields": {"name": "Can change content type", "content_type": 5, "codename": "change_contenttype"}}, {"model": "auth.permission", "pk": 19, "fields": {"name": "Can delete content type", "content_type": 5, "codename": "delete_contenttype"}}, {"model": "auth.permission", "pk": 20, "fields": {"name": "Can view content type", "content_type": 5, "codename": "view_contenttype"}}, {"model": "auth.permission", "pk": 21, "fields": {"name": "Can add session", "content_type": 6, "codename": "add_session"}}, {"model": "auth.permission", "pk": 22, "fields": {"name": "Can change session", "content_type": 6, "codename": "change_session"}}, {"model": "auth.permission", "pk": 23, "fields": {"name": "Can delete session", "content_type": 6, "codename": "delete_session"}}, {"model": "auth.permission", "pk": 24, "fields": {"name": "Can view session", "content_type": 6, "codename": "view_session"}}, {"model": "auth.permission", "pk": 25, "fields": {"name": "Can add solicitud arriendo", "content_type": 7, "codename": "add_solicitudarriendo"}}, {"model": "auth.permission", "pk": 26, "fields": {"name": "Can change solicitud arriendo", "content_type": 7, "codename": "change_solicitudarriendo"}}, {"model": "auth.permission", "pk": 27, "fields": {"name": "Can delete solicitud arriendo", "content_type": 7, "codename": "delete_solicitudarriendo"}}, {"model": "auth.permission", "pk": 28, "fields": {"name": "Can view solicitud arriendo", "content_type": 7, "codename": "view_solicitudarriendo"}}, {"model": "auth.permission", "pk": 29, "fields": {"name": "Can add inmueble", "content_type": 8, "codename": "add_inmueble"}}, {"model": "auth.permission", "pk": 30, "fields": {"name": "Can change inmueble", "content_type": 8, "codename": "change_inmueble"}}, {"model": "auth.permission", "pk": 31, "fields": {"name": "Can delete inmueble", "content_type": 8, "codename": "delete_inmueble"}}, {"model": "auth.permission", "pk": 32, "fields": {"name": "Can view inmueble", "content_type": 8, "codename": "view_inmueble"}}, {"model": "auth.permission", "pk": 33, "fields": {"name": "Can add user", "content_type": 9, "codename": "add_usuario"}}, {"model": "auth.permission", "pk": 34, "fields": {"name": "Can change user", "content_type": 9, "codename": "change_usuario"}}, {"model": "auth.permission", "pk": 35, "fields": {"name": "Can delete user", "content_type": 9, "codename": "delete_usuario"}}, {"model": "auth.permission", "pk": 36, "fields": {"name": "Can view user", "content_type": 9, "codename": "view_usuario"}}, {"model": "auth.permission", "pk": 37, "fields": {"name": "Can add region", "content_type": 10, "codename": "add_region"}}, {"model": "auth.permission", "pk": 38, "fields": {"name": "Can change region", "content_type": 10, "codename": "change_region"}}, {"model": "auth.permission", "pk": 39, "fields": {"name": "Can delete region", "content_type": 10, "codename": "delete_region"}}, {"model": "auth.permission", "pk": 40, "fields": {"name": "Can view region", "content_type": 10, "codename": "view_region"}}, {"model": "auth.permission", "pk": 41, "fields": {"name": "Can add comuna", "content_type": 11, "codename": "add_comuna"}}, {"model": "auth.permission", "pk": 42, "fields": {"name": "Can change comuna", "content_type": 11, "codename": "change_comuna"}}, {"model": "auth.permission", "pk": 43, "fields": {"name": "Can delete comuna", "content_type": 11, "codename": "delete_comuna"}}, {"model": "auth.permission", "pk": 44, "fields": {"name": "Can view comuna", "content_type": 11, "codename": "view_comuna"}}, {"model": "auth.user", "pk": 1, "fields": {"password": "pbkdf2_sha256$600000$L6piUixEFIt3Y7ZnJxWdb3$MNVQ8psMe8b9T8WDuFeOzwjMAirvKv4cvlthjdZiS/0=", "last_login": "2024-05-14T15:47:04.525Z", "is_superuser": true, "username": "admin", "first_name": "administrador", "last_name": "ad min", "email": "diosito@mailcom", "is_staff": true, "is_active": true, "date_joined": "2024-05-02T15:56:21.012Z", "groups": [], "user_permissions": []}}, {"model": "auth.user", "pk": 2, "fields": {"password": "pbkdf2_sha256$600000$jv1sFnlq7FL4JDEPWASXLi$LdR7U1esDTq1bhipGvZV0GM6mjK8iTYg5Kqtbf4SGgY=", "last_login": "2024-05-06T15:42:09.180Z", "is_superuser": false, "username": "janedoe", "first_name": "Jane", "last_name": "Doe", "email": "jadoe@mail.com", "is_staff": false, "is_active": true, "date_joined": "2024-05-06T15:40:37.709Z", "groups": [], "user_permissions": []}}, {"model": "auth.user", "pk": 3, "fields": {"password": "pbkdf2_sha256$600000$jv1sFnlq7FL4JDEPWASXLi$LdR7U1esDTq1bhipGvZV0GM6mjK8iTYg5Kqtbf4SGgY=", "last_login": "2024-05-06T15:42:09.180Z", "is_superuser": false, "username": "jsmith", "first_name": "john", "last_name": "smith", "email": "jsmith@mail.com", "is_staff": false, "is_active": true, "date_joined": "2024-05-06T15:40:37.709Z", "groups": [], "user_permissions": []}}, {"model": "auth.user", "pk": 4, "fields": {"password": "pbkdf2_sha256$600000$jv1sFnlq7FL4JDEPWASXLi$LdR7U1esDTq1bhipGvZV0GM6mjK8iTYg5Kqtbf4SGgY=", "last_login": "2024-05-17T14:55:57.664Z", "is_superuser": false, "username": "aed0", "first_name": "Arrendatario", "last_name": "Numero1", "email": "aedo@mail.com", "is_staff": false, "is_active": true, "date_joined": "2024-05-06T15:40:37.709Z", "groups": [], "user_permissions": []}}, {"model": "auth.user", "pk": 5, "fields": {"password": "pbkdf2_sha256$600000$QpZCEjR40uESaZnfIeIEbl$qWTnA6lVP+7xf5sZ45yvl06HNMCTzSQc6xSDoVYpWsQ=", "last_login": "2024-05-06T16:04:47Z", "is_superuser": false, "username": "mrDor", "first_name": "arrendador", "last_name": "arre n dador", "email": "arrendador@mail.com", "is_staff": false, "is_active": true, "date_joined": "2024-05-06T16:04:47Z", "groups": [], "user_permissions": []}}, {"model": "auth.user", "pk": 6, "fields": {"password": "pbkdf2_sha256$600000$QpZCEjR40uESaZnfIeIEbl$qWTnA6lVP+7xf5sZ45yvl06HNMCTzSQc6xSDoVYpWsQ=", "last_login": "2024-05-13T15:45:07.278Z", "is_superuser": false, "username": "pk6", "first_name": "María", "last_name": "López", "email": "maria.lopez@email.com", "is_staff": false, "is_active": true, "date_joined": "2024-05-06T16:04:47.471Z", "groups": [], "user_permissions": []}}, {"model": "auth.user", "pk": 7, "fields": {"password": "pbkdf2_sha256$600000$QpZCEjR40uESaZnfIeIEbl$qWTnA6lVP+7xf5sZ45yvl06HNMCTzSQc6xSDoVYpWsQ=", "last_login": "2024-05-13T15:45:00.029Z", "is_superuser": false, "username": "pk7", "first_name": "Pedro", "last_name": "Martínez", "email": "pedro.martinez@email.com", "is_staff": false, "is_active": true, "date_joined": "2024-05-06T16:04:47.471Z", "groups": [], "user_permissions": []}}, {"model": "auth.user", "pk": 8, "fields": {"password": "pbkdf2_sha256$600000$QpZCEjR40uESaZnfIeIEbl$qWTnA6lVP+7xf5sZ45yvl06HNMCTzSQc6xSDoVYpWsQ=", "last_login": "2024-05-13T15:46:22.548Z", "is_superuser": false, "username": "pk8", "first_name": "Lucía", "last_name": "García", "email": "lucia.garcia@email.com", "is_staff": false, "is_active": true, "date_joined": "2024-05-06T16:04:47.471Z", "groups": [], "user_permissions": []}}, {"model": "auth.user", "pk": 9, "fields": {"password": "pbkdf2_sha256$600000$QpZCEjR40uESaZnfIeIEbl$qWTnA6lVP+7xf5sZ45yvl06HNMCTzSQc6xSDoVYpWsQ=", "last_login": "2024-05-22T00:58:32.236Z", "is_superuser": false, "username": "pk9", "first_name": "Arrendatario", "last_name": "9", "email": "andres.fernandez@email.com", "is_staff": false, "is_active": true, "date_joined": "2024-05-06T16:04:47.471Z", "groups": [], "user_permissions": []}}, {"model": "auth.user", "pk": 10, "fields": {"password": "pbkdf2_sha256$600000$QpZCEjR40uESaZnfIeIEbl$qWTnA6lVP+7xf5sZ45yvl06HNMCTzSQc6xSDoVYpWsQ=", "last_login": "2024-05-13T15:47:42.308Z", "is_superuser": false, "username": "pk10", "first_name": "Laura", "last_name": "Sánchez", "email": "laura.sanchez@email.com", "is_staff": false, "is_active": true, "date_joined": "2024-05-06T16:04:47.471Z", "groups": [], "user_permissions": []}}, {"model": "contenttypes.contenttype", "pk": 1, "fields": {"app_label": "admin", "model": "logentry"}}, {"model": "contenttypes.contenttype", "pk": 2, "fields": {"app_label": "auth", "model": "permission"}}, {"model": "contenttypes.contenttype", "pk": 3, "fields": {"app_label": "auth", "model": "group"}}, {"model": "contenttypes.contenttype", "pk": 4, "fields": {"app_label": "auth", "model": "user"}}, {"model": "contenttypes.contenttype", "pk": 5, "fields": {"app_label": "contenttypes", "model": "contenttype"}}, {"model": "contenttypes.contenttype", "pk": 6, "fields": {"app_label": "sessions", "model": "session"}}, {"model": "contenttypes.contenttype", "pk": 7, "fields": {"app_label": "inmobiliaria", "model": "solicitudarriendo"}}, {"model": "contenttypes.contenttype", "pk": 8, "fields": {"app_label": "inmobiliaria", "model": "inmueble"}}, {"model": "contenttypes.contenttype", "pk": 9, "fields": {"app_label": "inmobiliaria", "model": "usuario"}}, {"model": "contenttypes.contenttype", "pk": 10, "fields": {"app_label": "inmobiliaria", "model": "region"}}, {"model": "contenttypes.contenttype", "pk": 11, "fields": {"app_label": "inmobiliaria", "model": "comuna"}}, {"model": "sessions.session", "pk": "c0d6s3s0agoh3v3e0bvuubiwgcunrvgz", "fields": {"session_data": ".eJxVjEEOwiAQRe_C2pBCh0JduvcMZIaZStVAUtqV8e7apAvd_vfef6mI25rj1mSJM6uzAnX63QjTQ8oO-I7lVnWqZV1m0ruiD9r0tbI8L4f7d5Cx5W_tmQmBQ-j70SODBYNiHKIhJp-cIHU0TJYd0tQHJ4x2AEtp7HyyENT7Aw9nON4:1s44k1:jFRXh0ExQf3GERcjEDUFu7kx70QNa5IJPcZSpzI4MpA", "expire_date": "2024-05-20T20:15:17.198Z"}}, {"model": "sessions.session", "pk": "cwtbxgs2bb2b78vkk44ttvvnnfgouvxe", "fields": {"session_data": ".eJxVjEEOwiAQRe_C2pBCh0JduvcMZIaZStVAUtqV8e7apAvd_vfef6mI25rj1mSJM6uzAnX63QjTQ8oO-I7lVnWqZV1m0ruiD9r0tbI8L4f7d5Cx5W_tmQmBQ-j70SODBYNiHKIhJp-cIHU0TJYd0tQHJ4x2AEtp7HyyENT7Aw9nON4:1s7z01:YovjvrL7WDrgHz9mkkDQ7-araYppzcnLsPLkYq8Nibc", "expire_date": "2024-05-31T14:55:57.667Z"}}, {"model": "sessions.session", "pk": "kowj6zgozf1w6o2qvf3f22xqpe74tlua", "fields": {"session_data": ".eJxVjMsOwiAQRf-FtSEDFAZcuvcbyPCSqoGktCvjv2uTLnR7zzn3xTxta_XbyIufEzszx06_W6D4yG0H6U7t1nnsbV3mwHeFH3Twa0_5eTncv4NKo35rCyjQGjCYjJIGMhUIaoqktQNySgaNCBasiFkVN4UiNaWiMKINOQn2_gC2FTdN:1s9aJM:yXqtAI3YAvv8DyCyuavAeyYfSrleir8bsaFbvLDvZD8", "expire_date": "2024-06-05T00:58:32.240Z"}}, {"model": "sessions.session", "pk": "lagl1j2j1wyqwtqx2h0rng20a0nam3bi", "fields": {"session_data": ".eJxVjMsOwiAQAP-FsyFQHgWP3vsNZJfd2qqBpLQn478bkh70OjOZt0hw7Es6Gm9pJXEVWlx-GUJ-cumCHlDuVeZa9m1F2RN52ianSvy6ne3fYIG29C3GgQEdZ-OUt4F5NhAxq0jBeUQTsw-GvFV2IIuz0YwMPCB7rUcaxecL-0E4jQ:1s44eH:Th2xWmNYQT9mKghyx8iKnA73j9pJCWmdYAsolnvUGW4", "expire_date": "2024-05-20T20:09:21.537Z"}}, {"model": "inmobiliaria.region", "pk": 1, "fields": {"nombre": "Arica y Parinacota"}}, {"model": "inmobiliaria.region", "pk": 2, "fields": {"nombre": "Tarapacá"}}, {"model": "inmobiliaria.region", "pk": 3, "fields": {"nombre": "Antofagasta"}}, {"model": "inmobiliaria.region", "pk": 4, "fields": {"nombre": "Atacama"}}, {"model": "inmobiliaria.region", "pk": 5, "fields": {"nombre": "Coquimbo"}}, {"model": "inmobiliaria.region", "pk": 6, "fields": {"nombre": "Valparaíso"}}, {"model": "inmobiliaria.region", "pk": 7, "fields": {"nombre": "Metropolitana de Santiago"}}, {"model": "inmobiliaria.region", "pk": 8, "fields": {"nombre": "Libertador Gral. Bernardo O’Higgins"}}, {"model": "inmobiliaria.region", "pk": 9, "fields": {"nombre": "Maule"}}, {"model": "inmobiliaria.region", "pk": 10, "fields": {"nombre": "Ñuble"}}, {"model": "inmobiliaria.region", "pk": 11, "fields": {"nombre": "Biobío"}}, {"model": "inmobiliaria.region", "pk": 12, "fields": {"nombre": "Araucanía"}}, {"model": "inmobiliaria.region", "pk": 13, "fields": {"nombre": "Los Ríos"}}, {"model": "inmobiliaria.region", "pk": 14, "fields": {"nombre": "Los Lagos"}}, {"model": "inmobiliaria.region", "pk": 15, "fields": {"nombre": "Aisén del Gral. Carlos Ibáñez del Campo"}}, {"model": "inmobiliaria.region", "pk": 16, "fields": {"nombre": "Magallanes y de la Antártica Chilena"}}, {"model": "inmobiliaria.comuna", "pk": 1, "fields": {"nombre": "Arica", "region": 1}}, {"model": "inmobiliaria.comuna", "pk": 2, "fields": {"nombre": "Camarones", "region": 1}}, {"model": "inmobiliaria.comuna", "pk": 3, "fields": {"nombre": "General Lagos", "region": 1}}, {"model": "inmobiliaria.comuna", "pk": 4, "fields": {"nombre": "Putre", "region": 1}}, {"model": "inmobiliaria.comuna", "pk": 5, "fields": {"nombre": "Alto Hospicio", "region": 2}}, {"model": "inmobiliaria.comuna", "pk": 6, "fields": {"nombre": "Camiña", "region": 2}}, {"model": "inmobiliaria.comuna", "pk": 7, "fields": {"nombre": "Colchane", "region": 2}}, {"model": "inmobiliaria.comuna", "pk": 8, "fields": {"nombre": "Huara", "region": 2}}, {"model": "inmobiliaria.comuna", "pk": 9, "fields": {"nombre": "Iquique", "region": 2}}, {"model": "inmobiliaria.comuna", "pk": 10, "fields": {"nombre": "Pica", "region": 2}}, {"model": "inmobiliaria.comuna", "pk": 11, "fields": {"nombre": "Pozo Almonte", "region": 2}}, {"model": "inmobiliaria.comuna", "pk": 12, "fields": {"nombre": "Antofagasta", "region": 3}}, {"model": "inmobiliaria.comuna", "pk": 13, "fields": {"nombre": "Calama", "region": 3}}, {"model": "inmobiliaria.comuna", "pk": 14, "fields": {"nombre": "María Elena", "region": 3}}, {"model": "inmobiliaria.comuna", "pk": 15, "fields": {"nombre": "Mejillones", "region": 3}}, {"model": "inmobiliaria.comuna", "pk": 16, "fields": {"nombre": "Ollagüe", "region": 3}}, {"model": "inmobiliaria.comuna", "pk": 17, "fields": {"nombre": "San Pedro de Atacama", "region": 3}}, {"model": "inmobiliaria.comuna", "pk": 18, "fields": {"nombre": "Sierra Gorda", "region": 3}}, {"model": "inmobiliaria.comuna", "pk": 19, "fields": {"nombre": "Taltal", "region": 3}}, {"model": "inmobiliaria.comuna", "pk": 20, "fields": {"nombre": "Tocopilla", "region": 3}}, {"model": "inmobiliaria.comuna", "pk": 21, "fields": {"nombre": "Alto del Carmen", "region": 4}}, {"model": "inmobiliaria.comuna", "pk": 22, "fields": {"nombre": "Caldera", "region": 4}}, {"model": "inmobiliaria.comuna", "pk": 23, "fields": {"nombre": "Chañaral", "region": 4}}, {"model": "inmobiliaria.comuna", "pk": 24, "fields": {"nombre": "Copiapó", "region": 4}}, {"model": "inmobiliaria.comuna", "pk": 25, "fields": {"nombre": "Diego de Almagro", "region": 4}}, {"model": "inmobiliaria.comuna", "pk": 26, "fields": {"nombre": "Freirina", "region": 4}}, {"model": "inmobiliaria.comuna", "pk": 27, "fields": {"nombre": "Huasco", "region": 4}}, {"model": "inmobiliaria.comuna", "pk": 28, "fields": {"nombre": "Tierra Amarilla", "region": 4}}, {"model": "inmobiliaria.comuna", "pk": 29, "fields": {"nombre": "Vallenar", "region": 4}}, {"model": "inmobiliaria.comuna", "pk": 30, "fields": {"nombre": "Andacollo", "region": 5}}, {"model": "inmobiliaria.comuna", "pk": 31, "fields": {"nombre": "Canela", "region": 5}}, {"model": "inmobiliaria.comuna", "pk": 32, "fields": {"nombre": "Combarbalá", "region": 5}}, {"model": "inmobiliaria.comuna", "pk": 33, "fields": {"nombre": "Coquimbo", "region": 5}}, {"model": "inmobiliaria.comuna", "pk": 34, "fields": {"nombre": "Illapel", "region": 5}}, {"model": "inmobiliaria.comuna", "pk": 35, "fields": {"nombre": "La Higuera", "region": 5}}, {"model": "inmobiliaria.comuna", "pk": 36, "fields": {"nombre": "La Serena", "region": 5}}, {"model": "inmobiliaria.comuna", "pk": 37, "fields": {"nombre": "Los Vilos", "region": 5}}, {"model": "inmobiliaria.comuna", "pk": 38, "fields": {"nombre": "Monte Patria", "region": 5}}, {"model": "inmobiliaria.comuna", "pk": 39, "fields": {"nombre": "Ovalle", "region": 5}}, {"model": "inmobiliaria.comuna", "pk": 40, "fields": {"nombre": "Paiguano", "region": 5}}, {"model": "inmobiliaria.comuna", "pk": 41, "fields": {"nombre": "Punitaqui", "region": 5}}, {"model": "inmobiliaria.comuna", "pk": 42, "fields": {"nombre": "Río Hurtado", "region": 5}}, {"model": "inmobiliaria.comuna", "pk": 43, "fields": {"nombre": "Salamanca", "region": 5}}, {"model": "inmobiliaria.comuna", "pk": 44, "fields": {"nombre": "Vicuña", "region": 5}}, {"model": "inmobiliaria.comuna", "pk": 45, "fields": {"nombre": "Algarrobo", "region": 6}}, {"model": "inmobiliaria.comuna", "pk": 46, "fields": {"nombre": "Cabildo", "region": 6}}, {"model": "inmobiliaria.comuna", "pk": 47, "fields": {"nombre": "Calera", "region": 6}}, {"model": "inmobiliaria.comuna", "pk": 48, "fields": {"nombre": "Calle Larga", "region": 6}}, {"model": "inmobiliaria.comuna", "pk": 49, "fields": {"nombre": "Cartagena", "region": 6}}, {"model": "inmobiliaria.comuna", "pk": 50, "fields": {"nombre": "Casablanca", "region": 6}}, {"model": "inmobiliaria.comuna", "pk": 51, "fields": {"nombre": "Catemu", "region": 6}}, {"model": "inmobiliaria.comuna", "pk": 52, "fields": {"nombre": "Concón", "region": 6}}, {"model": "inmobiliaria.comuna", "pk": 53, "fields": {"nombre": "El Quisco", "region": 6}}, {"model": "inmobiliaria.comuna", "pk": 54, "fields": {"nombre": "El Tabo", "region": 6}}, {"model": "inmobiliaria.comuna", "pk": 55, "fields": {"nombre": "Hijuelas", "region": 6}}, {"model": "inmobiliaria.comuna", "pk": 56, "fields": {"nombre": "Isla de Pascua", "region": 6}}, {"model": "inmobiliaria.comuna", "pk": 57, "fields": {"nombre": "Juan Fernández", "region": 6}}, {"model": "inmobiliaria.comuna", "pk": 58, "fields": {"nombre": "La Cruz", "region": 6}}, {"model": "inmobiliaria.comuna", "pk": 59, "fields": {"nombre": "La Ligua", "region": 6}}, {"model": "inmobiliaria.comuna", "pk": 60, "fields": {"nombre": "Limache", "region": 6}}, {"model": "inmobiliaria.comuna", "pk": 61, "fields": {"nombre": "Llaillay", "region": 6}}, {"model": "inmobiliaria.comuna", "pk": 62, "fields": {"nombre": "Los Andes", "region": 6}}, {"model": "inmobiliaria.comuna", "pk": 63, "fields": {"nombre": "Nogales", "region": 6}}, {"model": "inmobiliaria.comuna", "pk": 64, "fields": {"nombre": "Olmué", "region": 6}}, {"model": "inmobiliaria.comuna", "pk": 65, "fields": {"nombre": "Panquehue", "region": 6}}, {"model": "inmobiliaria.comuna", "pk": 66, "fields": {"nombre": "Papudo", "region": 6}}, {"model": "inmobiliaria.comuna", "pk": 67, "fields": {"nombre": "Petorca", "region": 6}}, {"model": "inmobiliaria.comuna", "pk": 68, "fields": {"nombre": "Puchuncaví", "region": 6}}, {"model": "inmobiliaria.comuna", "pk": 69, "fields": {"nombre": "Putaendo", "region": 6}}, {"model": "inmobiliaria.comuna", "pk": 70, "fields": {"nombre": "Quillota", "region": 6}}, {"model": "inmobiliaria.comuna", "pk": 71, "fields": {"nombre": "Quilpué", "region": 6}}, {"model": "inmobiliaria.comuna", "pk": 72, "fields": {"nombre": "Quintero", "region": 6}}, {"model": "inmobiliaria.comuna", "pk": 73, "fields": {"nombre": "Rinconada", "region": 6}}, {"model": "inmobiliaria.comuna", "pk": 74, "fields": {"nombre": "San Antonio", "region": 6}}, {"model": "inmobiliaria.comuna", "pk": 75, "fields": {"nombre": "San Esteban", "region": 6}}, {"model": "inmobiliaria.comuna", "pk": 76, "fields": {"nombre": "San Felipe", "region": 6}}, {"model": "inmobiliaria.comuna", "pk": 77, "fields": {"nombre": "Santa María", "region": 6}}, {"model": "inmobiliaria.comuna", "pk": 78, "fields": {"nombre": "Santo Domingo", "region": 6}}, {"model": "inmobiliaria.comuna", "pk": 79, "fields": {"nombre": "Valparaíso", "region": 6}}, {"model": "inmobiliaria.comuna", "pk": 80, "fields": {"nombre": "Villa Alemana", "region": 6}}, {"model": "inmobiliaria.comuna", "pk": 81, "fields": {"nombre": "Viña del Mar", "region": 6}}, {"model": "inmobiliaria.comuna", "pk": 82, "fields": {"nombre": "Zapallar", "region": 6}}, {"model": "inmobiliaria.comuna", "pk": 83, "fields": {"nombre": "Alhué", "region": 7}}, {"model": "inmobiliaria.comuna", "pk": 84, "fields": {"nombre": "Buin", "region": 7}}, {"model": "inmobiliaria.comuna", "pk": 85, "fields": {"nombre": "Calera de Tango", "region": 7}}, {"model": "inmobiliaria.comuna", "pk": 86, "fields": {"nombre": "Cerrillos", "region": 7}}, {"model": "inmobiliaria.comuna", "pk": 87, "fields": {"nombre": "Cerro Navia", "region": 7}}, {"model": "inmobiliaria.comuna", "pk": 88, "fields": {"nombre": "Colina", "region": 7}}, {"model": "inmobiliaria.comuna", "pk": 89, "fields": {"nombre": "Conchalí", "region": 7}}, {"model": "inmobiliaria.comuna", "pk": 90, "fields": {"nombre": "Curacaví", "region": 7}}, {"model": "inmobiliaria.comuna", "pk": 91, "fields": {"nombre": "El Bosque", "region": 7}}, {"model": "inmobiliaria.comuna", "pk": 92, "fields": {"nombre": "El Monte", "region": 7}}, {"model": "inmobiliaria.comuna", "pk": 93, "fields": {"nombre": "Estación Central", "region": 7}}, {"model": "inmobiliaria.comuna", "pk": 94, "fields": {"nombre": "Huechuraba", "region": 7}}, {"model": "inmobiliaria.comuna", "pk": 95, "fields": {"nombre": "Independencia", "region": 7}}, {"model": "inmobiliaria.comuna", "pk": 96, "fields": {"nombre": "Isla de Maipo", "region": 7}}, {"model": "inmobiliaria.comuna", "pk": 97, "fields": {"nombre": "La Cisterna", "region": 7}}, {"model": "inmobiliaria.comuna", "pk": 98, "fields": {"nombre": "La Florida", "region": 7}}, {"model": "inmobiliaria.comuna", "pk": 99, "fields": {"nombre": "La Granja", "region": 7}}, {"model": "inmobiliaria.comuna", "pk": 100, "fields": {"nombre": "La Pintana", "region": 7}}, {"model": "inmobiliaria.comuna", "pk": 101, "fields": {"nombre": "La Reina", "region": 7}}, {"model": "inmobiliaria.comuna", "pk": 102, "fields": {"nombre": "Lampa", "region": 7}}, {"model": "inmobiliaria.comuna", "pk": 103, "fields": {"nombre": "Las Condes", "region": 7}}, {"model": "inmobiliaria.comuna", "pk": 104, "fields": {"nombre": "Lo Barnechea", "region": 7}}, {"model": "inmobiliaria.comuna", "pk": 105, "fields": {"nombre": "Lo Espejo", "region": 7}}, {"model": "inmobiliaria.comuna", "pk": 106, "fields": {"nombre": "Lo Prado", "region": 7}}, {"model": "inmobiliaria.comuna", "pk": 107, "fields": {"nombre": "Macul", "region": 7}}, {"model": "inmobiliaria.comuna", "pk": 108, "fields": {"nombre": "Maipú", "region": 7}}, {"model": "inmobiliaria.comuna", "pk": 109, "fields": {"nombre": "María Pinto", "region": 7}}, {"model": "inmobiliaria.comuna", "pk": 110, "fields": {"nombre": "Melipilla", "region": 7}}, {"model": "inmobiliaria.comuna", "pk": 111, "fields": {"nombre": "Ñuñoa", "region": 7}}, {"model": "inmobiliaria.comuna", "pk": 112, "fields": {"nombre": "Padre Hurtado", "region": 7}}, {"model": "inmobiliaria.comuna", "pk": 113, "fields": {"nombre": "Paine", "region": 7}}, {"model": "inmobiliaria.comuna", "pk": 114, "fields": {"nombre": "Pedro Aguirre Cerda", "region": 7}}, {"model": "inmobiliaria.comuna", "pk": 115, "fields": {"nombre": "Peñaflor", "region": 7}}, {"model": "inmobiliaria.comuna", "pk": 116, "fields": {"nombre": "Peñalolén", "region": 7}}, {"model": "inmobiliaria.comuna", "pk": 117, "fields": {"nombre": "Pirque", "region": 7}}, {"model": "inmobiliaria.comuna", "pk": 118, "fields": {"nombre": "Providencia", "region": 7}}, {"model": "inmobiliaria.comuna", "pk": 119, "fields": {"nombre": "Pudahuel", "region": 7}}, {"model": "inmobiliaria.comuna", "pk": 120, "fields": {"nombre": "Puente Alto", "region": 7}}, {"model": "inmobiliaria.comuna", "pk": 121, "fields": {"nombre": "Quilicura", "region": 7}}, {"model": "inmobiliaria.comuna", "pk": 122, "fields": {"nombre": "Quinta Normal", "region": 7}}, {"model": "inmobiliaria.comuna", "pk": 123, "fields": {"nombre": "Recoleta", "region": 7}}, {"model": "inmobiliaria.comuna", "pk": 124, "fields": {"nombre": "Renca", "region": 7}}, {"model": "inmobiliaria.comuna", "pk": 125, "fields": {"nombre": "San Bernardo", "region": 7}}, {"model": "inmobiliaria.comuna", "pk": 126, "fields": {"nombre": "San Joaquín", "region": 7}}, {"model": "inmobiliaria.comuna", "pk": 127, "fields": {"nombre": "San José de Maipo", "region": 7}}, {"model": "inmobiliaria.comuna", "pk": 128, "fields": {"nombre": "San Miguel", "region": 7}}, {"model": "inmobiliaria.comuna", "pk": 129, "fields": {"nombre": "San Pedro", "region": 7}}, {"model": "inmobiliaria.comuna", "pk": 130, "fields": {"nombre": "San Ramón", "region": 7}}, {"model": "inmobiliaria.comuna", "pk": 131, "fields": {"nombre": "Santiago", "region": 7}}, {"model": "inmobiliaria.comuna", "pk": 132, "fields": {"nombre": "Talagante", "region": 7}}, {"model": "inmobiliaria.comuna", "pk": 133, "fields": {"nombre": "Tiltil", "region": 7}}, {"model": "inmobiliaria.comuna", "pk": 134, "fields": {"nombre": "Vitacura", "region": 7}}, {"model": "inmobiliaria.comuna", "pk": 135, "fields": {"nombre": "Chimbarongo", "region": 8}}, {"model": "inmobiliaria.comuna", "pk": 136, "fields": {"nombre": "Chépica", "region": 8}}, {"model": "inmobiliaria.comuna", "pk": 137, "fields": {"nombre": "Codegua", "region": 8}}, {"model": "inmobiliaria.comuna", "pk": 138, "fields": {"nombre": "Coinco", "region": 8}}, {"model": "inmobiliaria.comuna", "pk": 139, "fields": {"nombre": "Coltauco", "region": 8}}, {"model": "inmobiliaria.comuna", "pk": 140, "fields": {"nombre": "Doñihue", "region": 8}}, {"model": "inmobiliaria.comuna", "pk": 141, "fields": {"nombre": "Graneros", "region": 8}}, {"model": "inmobiliaria.comuna", "pk": 142, "fields": {"nombre": "La Estrella", "region": 8}}, {"model": "inmobiliaria.comuna", "pk": 143, "fields": {"nombre": "Las Cabras", "region": 8}}, {"model": "inmobiliaria.comuna", "pk": 144, "fields": {"nombre": "Litueche", "region": 8}}, {"model": "inmobiliaria.comuna", "pk": 145, "fields": {"nombre": "Lolol", "region": 8}}, {"model": "inmobiliaria.comuna", "pk": 146, "fields": {"nombre": "Machalí", "region": 8}}, {"model": "inmobiliaria.comuna", "pk": 147, "fields": {"nombre": "Malloa", "region": 8}}, {"model": "inmobiliaria.comuna", "pk": 148, "fields": {"nombre": "Marchihue", "region": 8}}, {"model": "inmobiliaria.comuna", "pk": 149, "fields": {"nombre": "Nancagua", "region": 8}}, {"model": "inmobiliaria.comuna", "pk": 150, "fields": {"nombre": "Navidad", "region": 8}}, {"model": "inmobiliaria.comuna", "pk": 151, "fields": {"nombre": "Olivar", "region": 8}}, {"model": "inmobiliaria.comuna", "pk": 152, "fields": {"nombre": "Palmilla", "region": 8}}, {"model": "inmobiliaria.comuna", "pk": 153, "fields": {"nombre": "Paredones", "region": 8}}, {"model": "inmobiliaria.comuna", "pk": 154, "fields": {"nombre": "Peralillo", "region": 8}}, {"model": "inmobiliaria.comuna", "pk": 155, "fields": {"nombre": "Peumo", "region": 8}}, {"model": "inmobiliaria.comuna", "pk": 156, "fields": {"nombre": "Pichidegua", "region": 8}}, {"model": "inmobiliaria.comuna", "pk": 157, "fields": {"nombre": "Pichilemu", "region": 8}}, {"model": "inmobiliaria.comuna", "pk": 158, "fields": {"nombre": "Placilla", "region": 8}}, {"model": "inmobiliaria.comuna", "pk": 159, "fields": {"nombre": "Pumanque", "region": 8}}, {"model": "inmobiliaria.comuna", "pk": 160, "fields": {"nombre": "Quinta de Tilcoco", "region": 8}}, {"model": "inmobiliaria.comuna", "pk": 161, "fields": {"nombre": "Rancagua", "region": 8}}, {"model": "inmobiliaria.comuna", "pk": 162, "fields": {"nombre": "Rengo", "region": 8}}, {"model": "inmobiliaria.comuna", "pk": 163, "fields": {"nombre": "Requínoa", "region": 8}}, {"model": "inmobiliaria.comuna", "pk": 164, "fields": {"nombre": "San Fernando", "region": 8}}, {"model": "inmobiliaria.comuna", "pk": 165, "fields": {"nombre": "San Francisco de Mostazal", "region": 8}}, {"model": "inmobiliaria.comuna", "pk": 166, "fields": {"nombre": "San Vicente de Tagua Tagua", "region": 8}}, {"model": "inmobiliaria.comuna", "pk": 167, "fields": {"nombre": "Santa Cruz", "region": 8}}, {"model": "inmobiliaria.comuna", "pk": 168, "fields": {"nombre": "Cauquenes", "region": 9}}, {"model": "inmobiliaria.comuna", "pk": 169, "fields": {"nombre": "Chanco", "region": 9}}, {"model": "inmobiliaria.comuna", "pk": 170, "fields": {"nombre": "Colbún", "region": 9}}, {"model": "inmobiliaria.comuna", "pk": 171, "fields": {"nombre": "Constitución", "region": 9}}, {"model": "inmobiliaria.comuna", "pk": 172, "fields": {"nombre": "Curepto", "region": 9}}, {"model": "inmobiliaria.comuna", "pk": 173, "fields": {"nombre": "Curicó", "region": 9}}, {"model": "inmobiliaria.comuna", "pk": 174, "fields": {"nombre": "Empedrado", "region": 9}}, {"model": "inmobiliaria.comuna", "pk": 175, "fields": {"nombre": "Hualañé", "region": 9}}, {"model": "inmobiliaria.comuna", "pk": 176, "fields": {"nombre": "Licantén", "region": 9}}, {"model": "inmobiliaria.comuna", "pk": 177, "fields": {"nombre": "Linares", "region": 9}}, {"model": "inmobiliaria.comuna", "pk": 178, "fields": {"nombre": "Longaví", "region": 9}}, {"model": "inmobiliaria.comuna", "pk": 179, "fields": {"nombre": "Maule", "region": 9}}, {"model": "inmobiliaria.comuna", "pk": 180, "fields": {"nombre": "Molina", "region": 9}}, {"model": "inmobiliaria.comuna", "pk": 181, "fields": {"nombre": "Parral", "region": 9}}, {"model": "inmobiliaria.comuna", "pk": 182, "fields": {"nombre": "Pelarco", "region": 9}}, {"model": "inmobiliaria.comuna", "pk": 183, "fields": {"nombre": "Pelluhue", "region": 9}}, {"model": "inmobiliaria.comuna", "pk": 184, "fields": {"nombre": "Pencahue", "region": 9}}, {"model": "inmobiliaria.comuna", "pk": 185, "fields": {"nombre": "Rauco", "region": 9}}, {"model": "inmobiliaria.comuna", "pk": 186, "fields": {"nombre": "Retiro", "region": 9}}, {"model": "inmobiliaria.comuna", "pk": 187, "fields": {"nombre": "Romeral", "region": 9}}, {"model": "inmobiliaria.comuna", "pk": 188, "fields": {"nombre": "Río Claro", "region": 9}}, {"model": "inmobiliaria.comuna", "pk": 189, "fields": {"nombre": "Sagrada Familia", "region": 9}}, {"model": "inmobiliaria.comuna", "pk": 190, "fields": {"nombre": "San Clemente", "region": 9}}, {"model": "inmobiliaria.comuna", "pk": 191, "fields": {"nombre": "San Javier de Loncomilla", "region": 9}}, {"model": "inmobiliaria.comuna", "pk": 192, "fields": {"nombre": "San Rafael", "region": 9}}, {"model": "inmobiliaria.comuna", "pk": 193, "fields": {"nombre": "Talca", "region": 9}}, {"model": "inmobiliaria.comuna", "pk": 194, "fields": {"nombre": "Teno", "region": 9}}, {"model": "inmobiliaria.comuna", "pk": 195, "fields": {"nombre": "Vichuquén", "region": 9}}, {"model": "inmobiliaria.comuna", "pk": 196, "fields": {"nombre": "Villa Alegre", "region": 9}}, {"model": "inmobiliaria.comuna", "pk": 197, "fields": {"nombre": "Yerbas Buenas", "region": 9}}, {"model": "inmobiliaria.comuna", "pk": 198, "fields": {"nombre": "Bulnes", "region": 10}}, {"model": "inmobiliaria.comuna", "pk": 199, "fields": {"nombre": "Chillán Viejo", "region": 10}}, {"model": "inmobiliaria.comuna", "pk": 200, "fields": {"nombre": "Chillán", "region": 10}}, {"model": "inmobiliaria.comuna", "pk": 201, "fields": {"nombre": "Cobquecura", "region": 10}}, {"model": "inmobiliaria.comuna", "pk": 202, "fields": {"nombre": "Coelemu", "region": 10}}, {"model": "inmobiliaria.comuna", "pk": 203, "fields": {"nombre": "Coihueco", "region": 10}}, {"model": "inmobiliaria.comuna", "pk": 204, "fields": {"nombre": "El Carmen", "region": 10}}, {"model": "inmobiliaria.comuna", "pk": 205, "fields": {"nombre": "Ninhue", "region": 10}}, {"model": "inmobiliaria.comuna", "pk": 206, "fields": {"nombre": "Ñiquén", "region": 10}}, {"model": "inmobiliaria.comuna", "pk": 207, "fields": {"nombre": "Pemuco", "region": 10}}, {"model": "inmobiliaria.comuna", "pk": 208, "fields": {"nombre": "Pinto", "region": 10}}, {"model": "inmobiliaria.comuna", "pk": 209, "fields": {"nombre": "Portezuelo", "region": 10}}, {"model": "inmobiliaria.comuna", "pk": 210, "fields": {"nombre": "Quillón", "region": 10}}, {"model": "inmobiliaria.comuna", "pk": 211, "fields": {"nombre": "Quirihue", "region": 10}}, {"model": "inmobiliaria.comuna", "pk": 212, "fields": {"nombre": "Ránquil", "region": 10}}, {"model": "inmobiliaria.comuna", "pk": 213, "fields": {"nombre": "San Carlos", "region": 10}}, {"model": "inmobiliaria.comuna", "pk": 214, "fields": {"nombre": "San Fabián", "region": 10}}, {"model": "inmobiliaria.comuna", "pk": 215, "fields": {"nombre": "San Ignacio", "region": 10}}, {"model": "inmobiliaria.comuna", "pk": 216, "fields": {"nombre": "San Nicolás", "region": 10}}, {"model": "inmobiliaria.comuna", "pk": 217, "fields": {"nombre": "Treguaco", "region": 10}}, {"model": "inmobiliaria.comuna", "pk": 218, "fields": {"nombre": "Yungay", "region": 10}}, {"model": "inmobiliaria.comuna", "pk": 219, "fields": {"nombre": "Alto Biobío", "region": 11}}, {"model": "inmobiliaria.comuna", "pk": 220, "fields": {"nombre": "Antuco", "region": 11}}, {"model": "inmobiliaria.comuna", "pk": 221, "fields": {"nombre": "Arauco", "region": 11}}, {"model": "inmobiliaria.comuna", "pk": 222, "fields": {"nombre": "Cabrero", "region": 11}}, {"model": "inmobiliaria.comuna", "pk": 223, "fields": {"nombre": "Cañete", "region": 11}}, {"model": "inmobiliaria.comuna", "pk": 224, "fields": {"nombre": "Chiguayante", "region": 11}}, {"model": "inmobiliaria.comuna", "pk": 225, "fields": {"nombre": "Concepción", "region": 11}}, {"model": "inmobiliaria.comuna", "pk": 226, "fields": {"nombre": "Contulmo", "region": 11}}, {"model": "inmobiliaria.comuna", "pk": 227, "fields": {"nombre": "Coronel", "region": 11}}, {"model": "inmobiliaria.comuna", "pk": 228, "fields": {"nombre": "Curanilahue", "region": 11}}, {"model": "inmobiliaria.comuna", "pk": 229, "fields": {"nombre": "Florida", "region": 11}}, {"model": "inmobiliaria.comuna", "pk": 230, "fields": {"nombre": "Hualpén", "region": 11}}, {"model": "inmobiliaria.comuna", "pk": 231, "fields": {"nombre": "Hualqui", "region": 11}}, {"model": "inmobiliaria.comuna", "pk": 232, "fields": {"nombre": "Laja", "region": 11}}, {"model": "inmobiliaria.comuna", "pk": 233, "fields": {"nombre": "Lebu", "region": 11}}, {"model": "inmobiliaria.comuna", "pk": 234, "fields": {"nombre": "Los Álamos", "region": 11}}, {"model": "inmobiliaria.comuna", "pk": 235, "fields": {"nombre": "Los Ángeles", "region": 11}}, {"model": "inmobiliaria.comuna", "pk": 236, "fields": {"nombre": "Lota", "region": 11}}, {"model": "inmobiliaria.comuna", "pk": 237, "fields": {"nombre": "Mulchén", "region": 11}}, {"model": "inmobiliaria.comuna", "pk": 238, "fields": {"nombre": "Nacimiento", "region": 11}}, {"model": "inmobiliaria.comuna", "pk": 239, "fields": {"nombre": "Negrete", "region": 11}}, {"model": "inmobiliaria.comuna", "pk": 240, "fields": {"nombre": "Penco", "region": 11}}, {"model": "inmobiliaria.comuna", "pk": 241, "fields": {"nombre": "Quilaco", "region": 11}}, {"model": "inmobiliaria.comuna", "pk": 242, "fields": {"nombre": "Quilleco", "region": 11}}, {"model": "inmobiliaria.comuna", "pk": 243, "fields": {"nombre": "San Pedro de la Paz", "region": 11}}, {"model": "inmobiliaria.comuna", "pk": 244, "fields": {"nombre": "San Rosendo", "region": 11}}, {"model": "inmobiliaria.comuna", "pk": 245, "fields": {"nombre": "Santa Bárbara", "region": 11}}, {"model": "inmobiliaria.comuna", "pk": 246, "fields": {"nombre": "Santa Juana", "region": 11}}, {"model": "inmobiliaria.comuna", "pk": 247, "fields": {"nombre": "Talcahuano", "region": 11}}, {"model": "inmobiliaria.comuna", "pk": 248, "fields": {"nombre": "Tirúa", "region": 11}}, {"model": "inmobiliaria.comuna", "pk": 249, "fields": {"nombre": "Tomé", "region": 11}}, {"model": "inmobiliaria.comuna", "pk": 250, "fields": {"nombre": "Tucapel", "region": 11}}, {"model": "inmobiliaria.comuna", "pk": 251, "fields": {"nombre": "Yumbel", "region": 11}}, {"model": "inmobiliaria.comuna", "pk": 252, "fields": {"nombre": "Angol", "region": 12}}, {"model": "inmobiliaria.comuna", "pk": 253, "fields": {"nombre": "Carahue", "region": 12}}, {"model": "inmobiliaria.comuna", "pk": 254, "fields": {"nombre": "Cholchol", "region": 12}}, {"model": "inmobiliaria.comuna", "pk": 255, "fields": {"nombre": "Collipulli", "region": 12}}, {"model": "inmobiliaria.comuna", "pk": 256, "fields": {"nombre": "Cunco", "region": 12}}, {"model": "inmobiliaria.comuna", "pk": 257, "fields": {"nombre": "Curacautín", "region": 12}}, {"model": "inmobiliaria.comuna", "pk": 258, "fields": {"nombre": "Curarrehue", "region": 12}}, {"model": "inmobiliaria.comuna", "pk": 259, "fields": {"nombre": "Ercilla", "region": 12}}, {"model": "inmobiliaria.comuna", "pk": 260, "fields": {"nombre": "Freire", "region": 12}}, {"model": "inmobiliaria.comuna", "pk": 261, "fields": {"nombre": "Galvarino", "region": 12}}, {"model": "inmobiliaria.comuna", "pk": 262, "fields": {"nombre": "Gorbea", "region": 12}}, {"model": "inmobiliaria.comuna", "pk": 263, "fields": {"nombre": "Lautaro", "region": 12}}, {"model": "inmobiliaria.comuna", "pk": 264, "fields": {"nombre": "Loncoche", "region": 12}}, {"model": "inmobiliaria.comuna", "pk": 265, "fields": {"nombre": "Lonquimay", "region": 12}}, {"model": "inmobiliaria.comuna", "pk": 266, "fields": {"nombre": "Los Sauces", "region": 12}}, {"model": "inmobiliaria.comuna", "pk": 267, "fields": {"nombre": "Lumaco", "region": 12}}, {"model": "inmobiliaria.comuna", "pk": 268, "fields": {"nombre": "Melipeuco", "region": 12}}, {"model": "inmobiliaria.comuna", "pk": 269, "fields": {"nombre": "Nueva Imperial", "region": 12}}, {"model": "inmobiliaria.comuna", "pk": 270, "fields": {"nombre": "Padre las Casas", "region": 12}}, {"model": "inmobiliaria.comuna", "pk": 271, "fields": {"nombre": "Perquenco", "region": 12}}, {"model": "inmobiliaria.comuna", "pk": 272, "fields": {"nombre": "Pitrufquén", "region": 12}}, {"model": "inmobiliaria.comuna", "pk": 273, "fields": {"nombre": "Pucón", "region": 12}}, {"model": "inmobiliaria.comuna", "pk": 274, "fields": {"nombre": "Purén", "region": 12}}, {"model": "inmobiliaria.comuna", "pk": 275, "fields": {"nombre": "Renaico", "region": 12}}, {"model": "inmobiliaria.comuna", "pk": 276, "fields": {"nombre": "Saavedra", "region": 12}}, {"model": "inmobiliaria.comuna", "pk": 277, "fields": {"nombre": "Temuco", "region": 12}}, {"model": "inmobiliaria.comuna", "pk": 278, "fields": {"nombre": "Teodoro Schmidt", "region": 12}}, {"model": "inmobiliaria.comuna", "pk": 279, "fields": {"nombre": "Toltén", "region": 12}}, {"model": "inmobiliaria.comuna", "pk": 280, "fields": {"nombre": "Traiguén", "region": 12}}, {"model": "inmobiliaria.comuna", "pk": 281, "fields": {"nombre": "Victoria", "region": 12}}, {"model": "inmobiliaria.comuna", "pk": 282, "fields": {"nombre": "Vilcún", "region": 12}}, {"model": "inmobiliaria.comuna", "pk": 283, "fields": {"nombre": "Villarrica", "region": 12}}, {"model": "inmobiliaria.comuna", "pk": 284, "fields": {"nombre": "Corral", "region": 13}}, {"model": "inmobiliaria.comuna", "pk": 285, "fields": {"nombre": "Futrono", "region": 13}}, {"model": "inmobiliaria.comuna", "pk": 286, "fields": {"nombre": "La Unión", "region": 13}}, {"model": "inmobiliaria.comuna", "pk": 287, "fields": {"nombre": "Lago Ranco", "region": 13}}, {"model": "inmobiliaria.comuna", "pk": 288, "fields": {"nombre": "Lanco", "region": 13}}, {"model": "inmobiliaria.comuna", "pk": 289, "fields": {"nombre": "Los Lagos", "region": 13}}, {"model": "inmobiliaria.comuna", "pk": 290, "fields": {"nombre": "Mariquina", "region": 13}}, {"model": "inmobiliaria.comuna", "pk": 291, "fields": {"nombre": "Máfil", "region": 13}}, {"model": "inmobiliaria.comuna", "pk": 292, "fields": {"nombre": "Paillaco", "region": 13}}, {"model": "inmobiliaria.comuna", "pk": 293, "fields": {"nombre": "Panguipulli", "region": 13}}, {"model": "inmobiliaria.comuna", "pk": 294, "fields": {"nombre": "Río Bueno", "region": 13}}, {"model": "inmobiliaria.comuna", "pk": 295, "fields": {"nombre": "Valdivia", "region": 13}}, {"model": "inmobiliaria.comuna", "pk": 296, "fields": {"nombre": "Ancud", "region": 14}}, {"model": "inmobiliaria.comuna", "pk": 297, "fields": {"nombre": "Calbuco", "region": 14}}, {"model": "inmobiliaria.comuna", "pk": 298, "fields": {"nombre": "Castro", "region": 14}}, {"model": "inmobiliaria.comuna", "pk": 299, "fields": {"nombre": "Chaitén", "region": 14}}, {"model": "inmobiliaria.comuna", "pk": 300, "fields": {"nombre": "Chonchi", "region": 14}}, {"model": "inmobiliaria.comuna", "pk": 301, "fields": {"nombre": "Cochamó", "region": 14}}, {"model": "inmobiliaria.comuna", "pk": 302, "fields": {"nombre": "Curaco de Vélez", "region": 14}}, {"model": "inmobiliaria.comuna", "pk": 303, "fields": {"nombre": "Dalcahue", "region": 14}}, {"model": "inmobiliaria.comuna", "pk": 304, "fields": {"nombre": "Fresia", "region": 14}}, {"model": "inmobiliaria.comuna", "pk": 305, "fields": {"nombre": "Frutillar", "region": 14}}, {"model": "inmobiliaria.comuna", "pk": 306, "fields": {"nombre": "Futaleufú", "region": 14}}, {"model": "inmobiliaria.comuna", "pk": 307, "fields": {"nombre": "Hualaihué", "region": 14}}, {"model": "inmobiliaria.comuna", "pk": 308, "fields": {"nombre": "Llanquihue", "region": 14}}, {"model": "inmobiliaria.comuna", "pk": 309, "fields": {"nombre": "Los Muermos", "region": 14}}, {"model": "inmobiliaria.comuna", "pk": 310, "fields": {"nombre": "Maullín", "region": 14}}, {"model": "inmobiliaria.comuna", "pk": 311, "fields": {"nombre": "Osorno", "region": 14}}, {"model": "inmobiliaria.comuna", "pk": 312, "fields": {"nombre": "Palena", "region": 14}}, {"model": "inmobiliaria.comuna", "pk": 313, "fields": {"nombre": "Puerto Montt", "region": 14}}, {"model": "inmobiliaria.comuna", "pk": 314, "fields": {"nombre": "Puerto Octay", "region": 14}}, {"model": "inmobiliaria.comuna", "pk": 315, "fields": {"nombre": "Puerto Varas", "region": 14}}, {"model": "inmobiliaria.comuna", "pk": 316, "fields": {"nombre": "Puqueldón", "region": 14}}, {"model": "inmobiliaria.comuna", "pk": 317, "fields": {"nombre": "Purranque", "region": 14}}, {"model": "inmobiliaria.comuna", "pk": 318, "fields": {"nombre": "Puyehue", "region": 14}}, {"model": "inmobiliaria.comuna", "pk": 319, "fields": {"nombre": "Queilén", "region": 14}}, {"model": "inmobiliaria.comuna", "pk": 320, "fields": {"nombre": "Quellón", "region": 14}}, {"model": "inmobiliaria.comuna", "pk": 321, "fields": {"nombre": "Quemchi", "region": 14}}, {"model": "inmobiliaria.comuna", "pk": 322, "fields": {"nombre": "Quinchao", "region": 14}}, {"model": "inmobiliaria.comuna", "pk": 323, "fields": {"nombre": "Río Negro", "region": 14}}, {"model": "inmobiliaria.comuna", "pk": 324, "fields": {"nombre": "San Juan de la Costa", "region": 14}}, {"model": "inmobiliaria.comuna", "pk": 325, "fields": {"nombre": "San Pablo", "region": 14}}, {"model": "inmobiliaria.comuna", "pk": 326, "fields": {"nombre": "Aisén", "region": 15}}, {"model": "inmobiliaria.comuna", "pk": 327, "fields": {"nombre": "Chile Chico", "region": 15}}, {"model": "inmobiliaria.comuna", "pk": 328, "fields": {"nombre": "Cisnes", "region": 15}}, {"model": "inmobiliaria.comuna", "pk": 329, "fields": {"nombre": "Cochrane", "region": 15}}, {"model": "inmobiliaria.comuna", "pk": 330, "fields": {"nombre": "Coyhaique", "region": 15}}, {"model": "inmobiliaria.comuna", "pk": 331, "fields": {"nombre": "Guaitecas", "region": 15}}, {"model": "inmobiliaria.comuna", "pk": 332, "fields": {"nombre": "Lago Verde", "region": 15}}, {"model": "inmobiliaria.comuna", "pk": 333, "fields": {"nombre": "O’Higgins", "region": 15}}, {"model": "inmobiliaria.comuna", "pk": 334, "fields": {"nombre": "Río Ibáñez", "region": 15}}, {"model": "inmobiliaria.comuna", "pk": 335, "fields": {"nombre": "Tortel", "region": 15}}, {"model": "inmobiliaria.comuna", "pk": 336, "fields": {"nombre": "Antártica", "region": 16}}, {"model": "inmobiliaria.comuna", "pk": 337, "fields": {"nombre": "Cabo de Hornos (Ex Navarino)", "region": 16}}, {"model": "inmobiliaria.comuna", "pk": 338, "fields": {"nombre": "Laguna Blanca", "region": 16}}, {"model": "inmobiliaria.comuna", "pk": 339, "fields": {"nombre": "Natales", "region": 16}}, {"model": "inmobiliaria.comuna", "pk": 340, "fields": {"nombre": "Porvenir", "region": 16}}, {"model": "inmobiliaria.comuna", "pk": 341, "fields": {"nombre": "Primavera", "region": 16}}, {"model": "inmobiliaria.comuna", "pk": 342, "fields": {"nombre": "Punta Arenas", "region": 16}}, {"model": "inmobiliaria.comuna", "pk": 343, "fields": {"nombre": "Río Verde", "region": 16}}, {"model": "inmobiliaria.comuna", "pk": 344, "fields": {"nombre": "San Gregorio", "region": 16}}, {"model": "inmobiliaria.comuna", "pk": 345, "fields": {"nombre": "Timaukel", "region": 16}}, {"model": "inmobiliaria.comuna", "pk": 346, "fields": {"nombre": "Torres del Paine", "region": 16}}, {"model": "inmobiliaria.usuario", "pk": 4, "fields": {"nombres": "aedo", "apellidos": "aedo", "rut": "18622", "direccion": "our house", "telefono": "964", "tipo_usuario": "arrendatario", "correo_electronico": "house@correo.cl"}}, {"model": "inmobiliaria.usuario", "pk": 5, "fields": {"nombres": "mr arrendador", "apellidos": "arrenda dor", "rut": "656565", "direccion": "donde arriendo", "telefono": "4567", "tipo_usuario": "arrendador", "correo_electronico": "arrendador1@correo.cl"}}, {"model": "inmobiliaria.usuario", "pk": 6, "fields": {"nombres": "María", "apellidos": "López", "rut": "3245678-9", "direccion": "Calle Sol 123", "telefono": "987654321", "tipo_usuario": "arrendatario", "correo_electronico": "maria.lopez@email.com"}}, {"model": "inmobiliaria.usuario", "pk": 7, "fields": {"nombres": "Pedro", "apellidos": "Martínez", "rut": "4567890-1", "direccion": "Avenida Luna 456", "telefono": "654321987", "tipo_usuario": "arrendatario", "correo_electronico": "pedro.martinez@email.com"}}, {"model": "inmobiliaria.usuario", "pk": 8, "fields": {"nombres": "Lucía", "apellidos": "García", "rut": "5678901-2", "direccion": "Plaza Estrella 789", "telefono": "123456789", "tipo_usuario": "arrendatario", "correo_electronico": "lucia.garcia@email.com"}}, {"model": "inmobiliaria.usuario", "pk": 9, "fields": {"nombres": "Andrés", "apellidos": "Fernández", "rut": "6789012-3", "direccion": "Camino Marítimo 321", "telefono": "321987654", "tipo_usuario": "arrendador", "correo_electronico": "andres.fernandez@email.com"}}, {"model": "inmobiliaria.usuario", "pk": 10, "fields": {"nombres": "Laura", "apellidos": "Sánchez", "rut": "7890123-4", "direccion": "Calle Montaña 567", "telefono": "987123654", "tipo_usuario": "arrendador", "correo_electronico": "laura.sanchez@email.com"}}, {"model": "inmobiliaria.inmueble", "pk": 1, "fields": {"nombre": "Casa en mano", "direccion": "Quien chucha sabe", "descripcion": "Casita pequeña", "imagen": "Inmueble1_2XnWIUH.jpg", "precio": "123", "comuna": 1, "disponible": true, "m2_construidos": "77.00", "m2_terreno": "152.00", "cantidad_estacionamientos": 3, "cantidad_habitaciones": 4, "cantidad_banos": 2, "tipo_de_inmueble": "casa", "propietario": 4}}, {"model": "inmobiliaria.inmueble", "pk": 5, "fields": {"nombre": "Departamento Providencia", "direccion": "Holanda", "descripcion": "3 piezas 2 baños", "imagen": "casas-mas-caras-de-nueva-york-brooklyn1-1540893459-1-scaled.jpg", "precio": "3200", "comuna": 118, "disponible": true, "m2_construidos": "90.00", "m2_terreno": "0.00", "cantidad_estacionamientos": 2, "cantidad_habitaciones": 3, "cantidad_banos": 2, "tipo_de_inmueble": "departamento", "propietario": 5}}, {"model": "inmobiliaria.inmueble", "pk": 6, "fields": {"nombre": "Casa grande", "direccion": "Muy lejos", "descripcion": "Casa grande estilo americano", "imagen": "CleanShot-2022-01-25-at-16.18.522x.jpg", "precio": "4800", "comuna": 104, "disponible": true, "m2_construidos": "120.00", "m2_terreno": "200.00", "cantidad_estacionamientos": 2, "cantidad_habitaciones": 4, "cantidad_banos": 3, "tipo_de_inmueble": "casa", "propietario": 6}}, {"model": "inmobiliaria.inmueble", "pk": 7, "fields": {"nombre": "Departamento playa", "direccion": "la playa", "descripcion": "Dpto playero", "imagen": "medium_apartment_kitchen_open_space.jpg", "precio": "3700", "comuna": 52, "disponible": true, "m2_construidos": "80.00", "m2_terreno": "0.00", "cantidad_estacionamientos": 0, "cantidad_habitaciones": 2, "cantidad_banos": 1, "tipo_de_inmueble": "departamento", "propietario": 7}}, {"model": "inmobiliaria.inmueble", "pk": 8, "fields": {"nombre": "Casa pequeña", "direccion": "longaví", "descripcion": "pequeña casa con amplia parcela", "imagen": "casa-de-campo-8x8-1.jpg", "precio": "2600", "comuna": 178, "disponible": true, "m2_construidos": "50.00", "m2_terreno": "300.00", "cantidad_estacionamientos": 6, "cantidad_habitaciones": 1, "cantidad_banos": 1, "tipo_de_inmueble": "casa", "propietario": 8}}, {"model": "inmobiliaria.inmueble", "pk": 9, "fields": {"nombre": "Departamento universitario", "direccion": "bellavista", "descripcion": "Departamento en barrio universitario", "imagen": "Single_Room_-_Menzies_College_FjoQ3kA.jpg", "precio": "2200", "comuna": 131, "disponible": true, "m2_construidos": "40.00", "m2_terreno": "0.00", "cantidad_estacionamientos": 0, "cantidad_habitaciones": 1, "cantidad_banos": 1, "tipo_de_inmueble": "departamento", "propietario": 9}}, {"model": "inmobiliaria.inmueble", "pk": 10, "fields": {"nombre": "Casa de vidrio", "direccion": "incosteable", "descripcion": "Casa de diseñador XXXXXX con fachada de vidrio", "imagen": "dasasd.jpg", "precio": "110000", "comuna": 134, "disponible": true, "m2_construidos": "150.00", "m2_terreno": "320.00", "cantidad_estacionamientos": 4, "cantidad_habitaciones": 5, "cantidad_banos": 6, "tipo_de_inmueble": "casa", "propietario": 10}}, {"model": "inmobiliaria.inmueble", "pk": 11, "fields": {"nombre": "My House", "direccion": "wad", "descripcion": "Excited to finally release this tribute map. Last", "imagen": "descarga.jpg", "precio": "0", "comuna": 9, "disponible": true, "m2_construidos": "85.00", "m2_terreno": "140.00", "cantidad_estacionamientos": 2, "cantidad_habitaciones": 4, "cantidad_banos": 18, "tipo_de_inmueble": "casa", "propietario": 9}}, {"model": "inmobiliaria.solicitudarriendo", "pk": 2, "fields": {"arrendatario": 4, "inmueble": 1, "mensaje": "esto es un mensaje de prueba para arrendar la casa en mano", "estado": "pendiente"}}, {"model": "inmobiliaria.solicitudarriendo", "pk": 3, "fields": {"arrendatario": 4, "inmueble": 11, "mensaje": "I haven’t touched an editor in over 15 years so it was quite a surprise to find out how easy mapping has become. I may have gotten a little carried away with these new UDMF features and, as such, the map is designed for GZDoom. From the text file: Doom 2 - GZDoom, hardware renderer\r\n1 map: Not much of a challenge and roughly 10 minutes of play time. All difficulty settings implemented.\r\nJumping & crouching disabled, freelook is fine\r\nLots of Doomcute!\r\n \r\n\r\nMaking maps of your house was all the rage back-in-the-day, but I feel like this is a pretty adorable and detailed tribute to my friend and a great way to share something of him with a community we loved. Miss you, Tom.", "estado": "aceptado"}}, {"model": "inmobiliaria.solicitudarriendo", "pk": 4, "fields": {"arrendatario": 4, "inmueble": 11, "mensaje": "Excited to finally release this tribute map. Last August I lost a good childhood friend of mine and took it pretty hard. When I was visiting my hometown for his funeral, I connected with his parents who shared with me some of his old belongings. Among them was a copy of an old map of his backed up on a 3.5” floppy from high school. Thomas and I were into amateur Doom mapping in the early 00s but I had never seen this map of his prior to uncovering it on one of the old floppy discs. As a way of paying tribute to him and all the great memories we had together, I took the plunge and installed Doom Builder in order to polish up his map and add a few modern amenities just for convenience sake.\r\n\r\n \r\n\r\nI haven’t touched an editor in over 15 years so it was quite a surprise to find out how easy mapping has become. I may have gotten a little carried away with these new UDMF features and, as such, the map is designed for GZDoom.", "estado": "aceptado"}}, {"model": "inmobiliaria.solicitudarriendo", "pk": 5, "fields": {"arrendatario": 4, "inmueble": 11, "mensaje": "Excited to finally release this tribute map. Last August I lost a good childhood friend of mine and took it pretty hard. When I was visiting my hometown for his funeral, I connected with his parents who shared with me some of his old belongings. Among them was a copy of an old map of his backed up on a 3.5” floppy from high school. Thomas and I were into amateur Doom mapping in the early 00s but I had never seen this map of his prior to uncovering it on one of the old floppy discs. As a way of paying tribute to him and all the great memories we had together, I took the plunge and installed Doom Builder in order to polish up his map and add a few modern amenities just for convenience sake.\r\n\r\n \r\n\r\nI haven’t touched an editor in over 15 years so it was quite a surprise to find out how easy mapping has become. I may have gotten a little carried away with these new UDMF features and, as such, the map is designed for GZDoom.", "estado": "rechazado"}}, {"model": "inmobiliaria.solicitudarriendo", "pk": 6, "fields": {"arrendatario": 4, "inmueble": 11, "mensaje": "Excited to finally release this tribute map. Last August I lost a good childhood friend of mine and took it pretty hard. When I was visiting my hometown for his funeral, I connected with his parents who shared with me some of his old belongings. Among them was a copy of an old map of his backed up on a 3.5” floppy from high school. Thomas and I were into amateur Doom mapping in the early 00s but I had never seen this map of his prior to uncovering it on one of the old floppy discs. As a way of paying tribute to him and all the great memories we had together, I took the plunge and installed Doom Builder in order to polish up his map and add a few modern amenities just for convenience sake.\r\n\r\n \r\n\r\nI haven’t touched an editor in over 15 years so it was quite a surprise to find out how easy mapping has become. I may have gotten a little carried away with these new UDMF features and, as such, the map is designed for GZDoom.", "estado": "pendiente"}}, {"model": "inmobiliaria.solicitudarriendo", "pk": 7, "fields": {"arrendatario": 4, "inmueble": 11, "mensaje": "Excited to finally release this tribute map. Last August I lost a good childhood friend of mine and took it pretty hard. When I was visiting my hometown for his funeral, I connected with his parents who shared with me some of his old belongings. Among them was a copy of an old map of his backed up on a 3.5” floppy from high school. Thomas and I were into amateur Doom mapping in the early 00s but I had never seen this map of his prior to uncovering it on one of the old floppy discs. As a way of paying tribute to him and all the great memories we had together, I took the plunge and installed Doom Builder in order to polish up his map and add a few modern amenities just for convenience sake.\r\n\r\n \r\n\r\nI haven’t touched an editor in over 15 years so it was quite a surprise to find out how easy mapping has become. I may have gotten a little carried away with these new UDMF features and, as such, the map is designed for GZDoom.", "estado": "rechazado"}}]